<?xml version="1.0" encoding="UTF-8"?><toc xmlns:xhtml="http://www.w3.org/1999/xhtml" xmlns="http://www.oxygenxml.com/ns/webhelp/toc"><title><span xmlns="http://www.w3.org/1999/xhtml" class="booktitle"><span class="ph mainbooktitle">HPE Edgeline Infrastructure Manager Online Help </span></span></title><topic href="GUID-B6FBF191-C2E4-4F3C-B7A9-6AD45738DDC0.html" data-id="GUID-B6FBF191-C2E4-4F3C-B7A9-6AD45738DDC0"><title>About Edgeline Infrastructure Manager (EIM)</title><topicmeta></topicmeta><topic href="GUID-4587C3C2-F2EB-4FF0-9908-492899139592.html" data-id="GUID-4587C3C2-F2EB-4FF0-9908-492899139592"><title>Navigating the EIM Interface</title><topicmeta></topicmeta></topic><topic href="GUID-1DC31BFC-86E2-45D7-AF07-CE86A9E9D808.html" data-id="GUID-1DC31BFC-86E2-45D7-AF07-CE86A9E9D808"><title>Icon Legend</title><topicmeta></topicmeta></topic></topic><topic href="Dashboard.html" data-id="Dashboard"><title>Dashboard page</title><topicmeta></topicmeta></topic><topic href="Discovery.html" data-id="Discovery"><title>Discovery &amp; Registration page</title><topicmeta></topicmeta><topic href="GUID-01A786D9-EDBF-4F29-BE55-D345D50F5AB6.html" data-id="GUID-01A786D9-EDBF-4F29-BE55-D345D50F5AB6"><title>Discovery</title><topicmeta></topicmeta></topic><topic href="GUID-E94BC6DA-AD17-4086-A651-06835EC06B9B.html" data-id="GUID-E94BC6DA-AD17-4086-A651-06835EC06B9B"><title>Registration</title><topicmeta></topicmeta></topic><topic href="deleteserver.html" data-id="deleteserver"><title>Deleting a server</title><topicmeta></topicmeta></topic><topic href="GUID-3B19C90A-D2CF-4286-B500-8BBEC1844E41.html" data-id="GUID-3B19C90A-D2CF-4286-B500-8BBEC1844E41"><title>Using REST API to add a system.</title><topicmeta></topicmeta></topic></topic><topic href="FirmwareUpdate.html" data-id="FirmwareUpdate"><title>Firmware Update page</title><topicmeta></topicmeta><topic href="GUID-D293A2EC-3CA7-442F-ABB9-C7320FC4EB93.html" data-id="GUID-D293A2EC-3CA7-442F-ABB9-C7320FC4EB93"><title>Uploading firmware</title><topicmeta></topicmeta></topic><topic href="GUID-56C87F1B-4437-495D-811A-5160F4112EEA.html" data-id="GUID-56C87F1B-4437-495D-811A-5160F4112EEA"><title>Add a configuration file</title><topicmeta></topicmeta></topic><topic href="GUID-AA461180-4AD1-4795-B32E-05A2B69258EA.html" data-id="GUID-AA461180-4AD1-4795-B32E-05A2B69258EA"><title>Updating firmware</title><topicmeta></topicmeta></topic><topic href="GUID-80631CB2-4CF0-443E-B26D-DCDD4CDBBCEE.html" data-id="GUID-80631CB2-4CF0-443E-B26D-DCDD4CDBBCEE"><title>Deleting firmware</title><topicmeta></topicmeta></topic><topic href="GUID-CC1F3EBD-36A1-4FD6-9FC3-99D70D1F7C12.html" data-id="GUID-CC1F3EBD-36A1-4FD6-9FC3-99D70D1F7C12"><title>Firmware status page</title><topicmeta></topicmeta></topic></topic><topic href="GUID-04FE1BF3-B755-40A7-B088-AFA4C1F241AE.html" data-id="GUID-04FE1BF3-B755-40A7-B088-AFA4C1F241AE"><title>Appliance Management page</title><topicmeta></topicmeta><topic href="NetworkConfiguration.html" data-id="NetworkConfiguration"><title>Configuring the Network</title><topicmeta></topicmeta></topic><topic href="GUID-8CD62E42-DCD2-48E9-AFE1-8BE81F52B6E0.html" data-id="GUID-8CD62E42-DCD2-48E9-AFE1-8BE81F52B6E0"><title>Configuring NTP server settings</title><topicmeta></topicmeta></topic><topic href="GUID-9850DF10-B066-4575-BCF6-32C66B94D89F.html" data-id="GUID-9850DF10-B066-4575-BCF6-32C66B94D89F"><title>Resetting Edgeline Infrastructure Manager</title><topicmeta></topicmeta></topic><topic href="CertificateManagement.html" data-id="CertificateManagement"><title>Importing an SSL certificate</title><topicmeta></topicmeta></topic><topic href="UserManagement.html" data-id="UserManagement"><title>User Management page</title><topicmeta></topicmeta><topic href="GUID-59C4EDC3-596A-4BB7-861C-02FF68955B61.html" data-id="GUID-59C4EDC3-596A-4BB7-861C-02FF68955B61"><title>Adding a user</title><topicmeta></topicmeta></topic><topic href="GUID-4DE35A22-F518-494F-B428-7942A22CDCB6.html" data-id="GUID-4DE35A22-F518-494F-B428-7942A22CDCB6"><title>Deleting a user</title><topicmeta></topicmeta></topic><topic href="GUID-21CAA106-164D-41DB-9A05-1EEB6C6B5B6C.html" data-id="GUID-21CAA106-164D-41DB-9A05-1EEB6C6B5B6C"><title>Enabling LDAP</title><topicmeta></topicmeta></topic></topic><topic href="ApplianceConfiguration.html" data-id="ApplianceConfiguration"><title>Appliance Configuration page</title><topicmeta></topicmeta><topic href="GUID-47677D63-9E2A-474A-8820-B1109D660CD9.html" data-id="GUID-47677D63-9E2A-474A-8820-B1109D660CD9"><title>Backup configuration</title><topicmeta></topicmeta></topic><topic href="GUID-0F4B472F-B5B3-4B6E-878A-BDEE4E8E90DE.html" data-id="GUID-0F4B472F-B5B3-4B6E-878A-BDEE4E8E90DE"><title>Restoring Configuration</title><topicmeta></topicmeta></topic></topic><topic href="ApplianceMonitoring.html" data-id="ApplianceMonitoring"><title>Appliance Monitoring</title><topicmeta></topicmeta></topic><topic href="EventLogs.html" data-id="EventLogs"><title>Appliance Event Logs</title><topicmeta></topicmeta></topic></topic><topic href="MonitoringReporting.html" data-id="MonitoringReporting"><title>Monitoring &amp; Reporting page</title><topicmeta></topicmeta></topic><topic href="Logs.html" data-id="Logs"><title>Alerts &amp; Event Logs page</title><topicmeta></topicmeta></topic><topic href="License.html" data-id="License"><title>Licensing page</title><topicmeta></topicmeta><topic href="GUID-F4A35AB3-A470-4B0A-AFA0-F532A55F4F7E.html" data-id="GUID-F4A35AB3-A470-4B0A-AFA0-F532A55F4F7E"><title>Uploading a license</title><topicmeta></topicmeta></topic><topic href="GUID-21A653F8-9AEB-4750-97DF-06F32B3FE7A5.html" data-id="GUID-21A653F8-9AEB-4750-97DF-06F32B3FE7A5"><title>Deleting a license</title><topicmeta></topicmeta></topic></topic></toc>