<?xml version="1.0" encoding="UTF-8"?>
<map xml:lang="en-US" version="1.0">
   <mapping id="Standard-Notices">
      <mapvalue>Standard-Notices.html</mapvalue>
      <topictitle>Notices</topictitle>
   </mapping>
   <mapping id="GUID-9AF8C3CE-4880-46C2-8997-3A26546E2C24">
      <mapvalue>GUID-9AF8C3CE-4880-46C2-8997-3A26546E2C24.html</mapvalue>
      <topictitle>Acknowledgments</topictitle>
   </mapping>
   <mapping id="GUID-E96DD093-F9FF-4B80-B2CD-AB3A9CEBF934">
      <mapvalue>GUID-E96DD093-F9FF-4B80-B2CD-AB3A9CEBF934.html</mapvalue>
      <topictitle>Revision history</topictitle>
   </mapping>
   <mapping id="GUID-B6FBF191-C2E4-4F3C-B7A9-6AD45738DDC0">
      <mapvalue>GUID-B6FBF191-C2E4-4F3C-B7A9-6AD45738DDC0.html</mapvalue>
      <topictitle>About Edgeline Infrastructure Manager (EIM)</topictitle>
   </mapping>
   <mapping id="GUID-4587C3C2-F2EB-4FF0-9908-492899139592">
      <mapvalue>GUID-4587C3C2-F2EB-4FF0-9908-492899139592.html</mapvalue>
      <topictitle>Navigating the EIM Interface</topictitle>
   </mapping>
   <mapping id="GUID-1DC31BFC-86E2-45D7-AF07-CE86A9E9D808">
      <mapvalue>GUID-1DC31BFC-86E2-45D7-AF07-CE86A9E9D808.html</mapvalue>
      <topictitle>Icon Legend</topictitle>
   </mapping>
   <mapping id="Dashboard">
      <mapvalue>Dashboard.html</mapvalue>
      <topictitle>Dashboard page</topictitle>
   </mapping>
   <mapping id="Discovery">
      <mapvalue>Discovery.html</mapvalue>
      <topictitle>Discovery &amp; Registration page</topictitle>
   </mapping>
   <mapping id="GUID-01A786D9-EDBF-4F29-BE55-D345D50F5AB6">
      <mapvalue>GUID-01A786D9-EDBF-4F29-BE55-D345D50F5AB6.html</mapvalue>
      <topictitle>Discovery</topictitle>
   </mapping>
   <mapping id="GUID-E94BC6DA-AD17-4086-A651-06835EC06B9B">
      <mapvalue>GUID-E94BC6DA-AD17-4086-A651-06835EC06B9B.html</mapvalue>
      <topictitle>Registration</topictitle>
   </mapping>
   <mapping id="deleteserver">
      <mapvalue>deleteserver.html</mapvalue>
      <topictitle>Deleting a server</topictitle>
   </mapping>
   <mapping id="GUID-3B19C90A-D2CF-4286-B500-8BBEC1844E41">
      <mapvalue>GUID-3B19C90A-D2CF-4286-B500-8BBEC1844E41.html</mapvalue>
      <topictitle>Using REST API to add a system.</topictitle>
   </mapping>
   <mapping id="FirmwareUpdate">
      <mapvalue>FirmwareUpdate.html</mapvalue>
      <topictitle>Firmware Update page</topictitle>
   </mapping>
   <mapping id="GUID-D293A2EC-3CA7-442F-ABB9-C7320FC4EB93">
      <mapvalue>GUID-D293A2EC-3CA7-442F-ABB9-C7320FC4EB93.html</mapvalue>
      <topictitle>Uploading firmware</topictitle>
   </mapping>
   <mapping id="GUID-56C87F1B-4437-495D-811A-5160F4112EEA">
      <mapvalue>GUID-56C87F1B-4437-495D-811A-5160F4112EEA.html</mapvalue>
      <topictitle>Add a configuration file</topictitle>
   </mapping>
   <mapping id="GUID-AA461180-4AD1-4795-B32E-05A2B69258EA">
      <mapvalue>GUID-AA461180-4AD1-4795-B32E-05A2B69258EA.html</mapvalue>
      <topictitle>Updating firmware</topictitle>
   </mapping>
   <mapping id="GUID-80631CB2-4CF0-443E-B26D-DCDD4CDBBCEE">
      <mapvalue>GUID-80631CB2-4CF0-443E-B26D-DCDD4CDBBCEE.html</mapvalue>
      <topictitle>Deleting firmware</topictitle>
   </mapping>
   <mapping id="GUID-CC1F3EBD-36A1-4FD6-9FC3-99D70D1F7C12">
      <mapvalue>GUID-CC1F3EBD-36A1-4FD6-9FC3-99D70D1F7C12.html</mapvalue>
      <topictitle>Firmware status page</topictitle>
   </mapping>
   <mapping id="GUID-04FE1BF3-B755-40A7-B088-AFA4C1F241AE">
      <mapvalue>GUID-04FE1BF3-B755-40A7-B088-AFA4C1F241AE.html</mapvalue>
      <topictitle>Appliance Management page</topictitle>
   </mapping>
   <mapping id="NetworkConfiguration">
      <mapvalue>NetworkConfiguration.html</mapvalue>
      <topictitle>Configuring the Network</topictitle>
   </mapping>
   <mapping id="GUID-8CD62E42-DCD2-48E9-AFE1-8BE81F52B6E0">
      <mapvalue>GUID-8CD62E42-DCD2-48E9-AFE1-8BE81F52B6E0.html</mapvalue>
      <topictitle>Configuring NTP server settings</topictitle>
   </mapping>
   <mapping id="GUID-9850DF10-B066-4575-BCF6-32C66B94D89F">
      <mapvalue>GUID-9850DF10-B066-4575-BCF6-32C66B94D89F.html</mapvalue>
      <topictitle>Resetting Edgeline Infrastructure Manager</topictitle>
   </mapping>
   <mapping id="CertificateManagement">
      <mapvalue>CertificateManagement.html</mapvalue>
      <topictitle>Importing an SSL certificate</topictitle>
   </mapping>
   <mapping id="UserManagement">
      <mapvalue>UserManagement.html</mapvalue>
      <topictitle>User Management page</topictitle>
   </mapping>
   <mapping id="GUID-59C4EDC3-596A-4BB7-861C-02FF68955B61">
      <mapvalue>GUID-59C4EDC3-596A-4BB7-861C-02FF68955B61.html</mapvalue>
      <topictitle>Adding a user</topictitle>
   </mapping>
   <mapping id="GUID-4DE35A22-F518-494F-B428-7942A22CDCB6">
      <mapvalue>GUID-4DE35A22-F518-494F-B428-7942A22CDCB6.html</mapvalue>
      <topictitle>Deleting a user</topictitle>
   </mapping>
   <mapping id="GUID-21CAA106-164D-41DB-9A05-1EEB6C6B5B6C">
      <mapvalue>GUID-21CAA106-164D-41DB-9A05-1EEB6C6B5B6C.html</mapvalue>
      <topictitle>Enabling LDAP</topictitle>
   </mapping>
   <mapping id="ApplianceConfiguration">
      <mapvalue>ApplianceConfiguration.html</mapvalue>
      <topictitle>Appliance Configuration page</topictitle>
   </mapping>
   <mapping id="GUID-47677D63-9E2A-474A-8820-B1109D660CD9">
      <mapvalue>GUID-47677D63-9E2A-474A-8820-B1109D660CD9.html</mapvalue>
      <topictitle>Backup configuration</topictitle>
   </mapping>
   <mapping id="GUID-0F4B472F-B5B3-4B6E-878A-BDEE4E8E90DE">
      <mapvalue>GUID-0F4B472F-B5B3-4B6E-878A-BDEE4E8E90DE.html</mapvalue>
      <topictitle>Restoring Configuration</topictitle>
   </mapping>
   <mapping id="ApplianceMonitoring">
      <mapvalue>ApplianceMonitoring.html</mapvalue>
      <topictitle>Appliance Monitoring</topictitle>
   </mapping>
   <mapping id="EventLogs">
      <mapvalue>EventLogs.html</mapvalue>
      <topictitle>Appliance Event Logs</topictitle>
   </mapping>
   <mapping id="MonitoringReporting">
      <mapvalue>MonitoringReporting.html</mapvalue>
      <topictitle>Monitoring &amp; Reporting page</topictitle>
   </mapping>
   <mapping id="Logs">
      <mapvalue>Logs.html</mapvalue>
      <topictitle>Alerts &amp; Event Logs page</topictitle>
   </mapping>
   <mapping id="License">
      <mapvalue>License.html</mapvalue>
      <topictitle>Licensing page</topictitle>
   </mapping>
   <mapping id="GUID-F4A35AB3-A470-4B0A-AFA0-F532A55F4F7E">
      <mapvalue>GUID-F4A35AB3-A470-4B0A-AFA0-F532A55F4F7E.html</mapvalue>
      <topictitle>Uploading a license</topictitle>
   </mapping>
   <mapping id="GUID-21A653F8-9AEB-4750-97DF-06F32B3FE7A5">
      <mapvalue>GUID-21A653F8-9AEB-4750-97DF-06F32B3FE7A5.html</mapvalue>
      <topictitle>Deleting a license</topictitle>
   </mapping>
</map>